id,sz
169619,b'\x03'
170297,b'\x03'
170411,b'\x03'
170422,b'\x04'
170444,b'\x03'
170446,b'\x04'
170449,b'\x03'
170458,b'\x02'
170461,b'\x02'
170617,b'\x03'
170640,b'\x03'
170657,b'\x03'
170661,b'\x04'
170671,b'\x04'
170682,b'\x03'
170686,b'\x01'
170691,b'\x03'
170696,b'\x04'
170698,b'\x02'
170717,b'\x03'
170751,b'\x03'
170775,b'\x04'
170777,b'\x04'
170805,b'\x03'
170808,b'\x02'
170857,b'\x04'
170864,b'\x03'
170891,b'\x02'
170898,b'\x05'
170903,b'\x03'
170914,b'\x04'
171009,b'\x03'
171025,b'\x02'
171031,b'\x03'
171069,b'\x02'
171091,b'\x04'
171093,b'\x04'
171106,b'\x03'
171122,b'\x02'
171138,b'\x03'
171159,b'\x02'
171161,b'\x02'
171172,b'\x03'
171176,b'\x04'
171178,b'\x04'
171197,b'\x03'
171207,b'\x04'
171209,b'\x04'
171215,b'\x04'
171223,b'\x02'
171235,b'\x03'
171256,b'\x03'
171271,b'\x03'
171294,b'\x03'
171309,b'\x01'
171353,b'\x04'
171355,b'\x03'
171400,b'\x03'
171410,b'\x04'
171474,b'\x03'
171518,b'\x03'
171523,b'\x04'
171559,b'\x05'
171567,b'\x02'
171573,b'\x02'
171574,b'\x02'
171575,b'\x03'
171579,b'\x04'
171581,b'\x04'
171613,b'\x04'
171622,b'\x02'
171633,b'\x03'
171682,b'\x02'
171730,b'\x05'
171747,b'\x03'
171779,b'\x03'
186872,b'\x02'
189813,b'\x03'
191360,b'\x03'
194151,b'\x02'
194602,b'\x04'
195599,b'\x03'
200421,b'\x03'
201377,b'\x03'
202242,b'\x02'
202491,b'\x03'
203296,b'\x05'
205202,b'\x03'
206029,b'\x04'
206668,b'\x04'
207519,b'\x04'
207845,b'\x04'
209005,b'\x03'
209405,b'\x05'
210370,b'\x02'
211150,b'\x02'
213368,b'\x03'
213537,b'\x04'
213538,b'\x04'
213539,b'\x04'
213540,b'\x04'
213625,b'\x03'
213626,b'\x03'
213627,b'\x03'
213628,b'\x03'
214014,b'\x04'
214581,b'\x03'
214607,b'\x01'
215590,b'\x02'
215801,b'\x05'
218695,b'\x04'
218696,b'\x03'
220637,b'\x03'
221254,b'\x03'
222251,b'\x03'
222747,b'\x03'
223507,b'\x03'
223642,b'\x05'
223803,b'\x04'
225428,b'\x04'
225430,b'\x04'
225431,b'\x04'
226078,b'\x04'
227908,b'\x03'
229548,b'\x03'
231683,b'\x04'
232978,b'\x02'
233643,b'\x02'
234254,b'\x02'
235203,b'\x02'
235213,b'\x04'
237322,b'\x02'
237339,b'\x02'
237369,b'\x03'
237384,b'\x02'
237401,b'\x04'
238258,b'\x03'
239545,b'\x05'
239678,b'\x03'
239679,b'\x03'
239680,b'\x04'
241268,b'\x05'
241768,b'\x02'
241769,b'\x04'
242166,b'\x03'
242462,b'\x03'
242634,b'\x05'
244165,b'\x02'
244194,b'\x03'
244613,b'\x03'
244614,b'\x05'
244653,b'\x04'
244655,b'\x05'
244762,b'\x02'
244842,b'\x03'
244894,b'\x04'
245191,b'\x05'
245341,b'\x03'
245380,b'\x03'
245984,b'\x03'
245985,b'\x03'
246320,b'\x04'
246580,b'\x03'
247032,b'\x03'
247367,b'\x04'
247560,b'\x04'
247561,b'\x04'
247562,b'\x04'
248056,b'\x03'
248411,b'\x02'
249084,b'\x02'
249712,b'\x03'
251257,b'\x02'
251546,b'\x04'
251567,b'\x02'
251709,b'\x06'
251923,b'\x02'
252235,b'\x04'
252622,b'\x03'
253749,b'\x04'
253801,b'\x05'
254647,b'\x02'
254648,b'\x04'
254994,b'\x04'
255057,b'\x02'
255730,b'\x02'
255766,b'\x01'
255920,b'\x02'
255921,b'\x04'
255922,b'\x02'
256022,b'\x04'
256270,b'\x02'
256387,b'\x03'
256452,b'\x04'
256879,b'\x04'
256880,b'\x04'
257021,b'\x04'
257244,b'\x05'
257245,b'\x06'
257246,b'\x04'
257247,b'\x05'
257249,b'\x06'
257250,b'\x04'
257302,b'\x04'
257303,b'\x04'
257330,b'\x05'
257331,b'\x04'
257332,b'\x03'
257334,b'\x05'
257359,b'\x05'
257360,b'\x05'
257361,b'\x05'
257362,b'\x05'
257379,b'\x03'
257380,b'\x05'
257401,b'\x05'
257402,b'\x04'
257404,b'\x05'
257406,b'\x04'
257407,b'\x05'
257408,b'\x02'
257409,b'\x03'
257410,b'\x05'
257411,b'\x02'
257513,b'\x06'
257727,b'\x04'
257728,b'\x04'
261201,b'\x03'
261216,b'\x04'
261258,b'\x02'
261278,b'\x04'
261699,b'\x03'
261874,b'\x03'
261906,b'\x03'
262225,b'\x03'
262271,b'\x03'
262451,b'\x03'
262472,b'\x02'
262746,b'\x03'
262786,b'\x02'
263775,b'\x04'
263995,b'\x03'
264236,b'\x02'
264305,b'\x04'
264538,b'\x02'
264713,b'\x04'
264717,b'\x03'
264798,b'\x05'
265008,b'\x02'
265021,b'\x02'
265377,b'\x03'
265576,b'\x04'
265578,b'\x03'
265609,b'\x04'
265871,b'\x04'
265978,b'\x03'
266010,b'\x03'
266273,b'\x03'
266275,b'\x04'
266285,b'\x03'
266628,b'\x02'
266660,b'\x04'
266685,b'\x05'
266971,b'\x04'
267378,b'\x02'
267501,b'\x02'
267518,b'\x05'
268330,b'\x04'
268434,b'\x03'
268499,b'\x05'
268653,b'\x03'
268784,b'\x03'
268785,b'\x02'
268929,b'\x03'
269430,b'\x05'
269499,b'\x02'
270250,b'\x06'
270498,b'\x03'
270643,b'\x05'
271035,b'\x02'
271040,b'\x04'
271451,b'\x04'
271698,b'\x03'
271765,b'\x03'
272039,b'\x02'
272233,b'\x06'
272271,b'\x03'
272957,b'\x05'
272996,b'\x04'
273027,b'\x02'
273300,b'\x05'
273691,b'\x04'
273693,b'\x04'
273694,b'\x04'
273695,b'\x03'
273930,b'\x05'
274083,b'\x02'
274314,b'\x04'
274371,b'\x02'
274378,b'\x02'
274672,b'\x02'
274895,b'\x03'
274936,b'\x01'
274952,b'\x02'
274954,b'\x02'
275540,b'\x04'
275549,b'\x04'
275550,b'\x03'
276258,b'\x02'
276430,b'\x02'
276615,b'\x01'
276771,b'\x02'
276959,b'\x02'
277399,b'\x03'
277484,b'\x02'
277795,b'\x03'
277796,b'\x02'
277874,b'\x02'
278085,b'\x04'
278132,b'\x03'
278198,b'\x03'
278200,b'\x03'
278202,b'\x03'
278326,b'\x04'
278780,b'\x02'
278815,b'\x02'
278957,b'\x04'
279032,b'\x03'
279039,b'\x05'
279042,b'\x05'
279145,b'\x03'
279241,b'\x05'
279524,b'\x06'
279597,b'\x06'
279644,b'\x02'
279814,b'\x04'
280003,b'\x02'
280206,b'\x02'
280322,b'\x05'
280562,b'\x04'
280564,b'\x04'
280879,b'\x04'
280880,b'\x06'
280882,b'\x03'
280974,b'\x02'
281062,b'\x03'
281064,b'\x04'
281066,b'\x04'
281067,b'\x05'
282015,b'\x03'
282016,b'\x05'
282117,b'\x05'
282183,b'\x04'
282978,b'\x02'
282984,b'\x03'
283612,b'\x02'
283613,b'\x03'
283647,b'\x02'
283677,b'\x05'
283743,b'\x02'
283880,b'\x05'
284030,b'\x02'
284610,b'\x04'
284916,b'\x04'
285028,b'\x07'
285029,b'\x02'
285120,b'\x06'
285128,b'\x03'
285213,b'\x03'
285331,b'\x04'
285358,b'\x04'
285622,b'\x04'
285666,b'\x03'
285690,b'\x02'
285917,b'\x03'
285936,b'\x03'
285938,b'\x05'
286380,b'\x03'
286457,b'\x02'
286612,b'\x06'
286766,b'\x08'
286767,b'\x08'
287458,b'\x05'
287563,b'\x04'
287627,b'\x03'
287888,b'\x03'
288140,b'\x04'
288141,b'\x04'
288143,b'\x03'
288196,b'\x04'
288386,b'\x03'
288421,b'\x02'
288459,b'\x04'
288469,b'\x04'
288480,b'\x04'
288482,b'\x05'
288806,b'\x03'
289017,b'\x04'
289385,b'\x04'
289386,b'\x03'
289444,b'\x02'
290005,b'\x04'
290083,b'\x02'
290501,b'\x03'
290503,b'\x05'
290869,b'\x05'
290880,b'\x04'
290893,b'\x04'
290906,b'\x03'
291124,b'\x03'
291128,b'\x03'
291130,b'\x04'
291132,b'\x04'
291133,b'\x04'
291135,b'\x05'
291360,b'\x03'
291361,b'\x06'
291365,b'\x03'
291461,b'\x04'
291462,b'\x05'
292663,b'\x04'
292679,b'\x03'
292840,b'\x04'
292921,b'\x03'
292922,b'\x05'
293030,b'\x04'
293115,b'\x03'
293300,b'\x02'
293382,b'\x03'
293733,b'\x04'
293876,b'\x04'
294022,b'\x02'
294024,b'\x04'
294158,b'\x04'
294319,b'\x02'
294387,b'\x04'
294475,b'\x02'
294476,b'\x02'
294602,b'\x02'
294605,b'\x04'
294689,b'\x03'
294766,b'\x02'
294790,b'\x03'
294828,b'\x02'
294885,b'\x02'
294967,b'\x02'
295019,b'\x04'
295027,b'\x06'
295194,b'\x03'
295258,b'\x02'
295355,b'\x04'
295409,b'\x02'
295412,b'\x04'
295449,b'\x02'
295559,b'\x02'
295660,b'\x02'
295680,b'\x03'
296107,b'\x02'
296187,b'\x02'
296204,b'\x04'
296403,b'\x02'
296457,b'\x04'
296611,b'\x03'
296918,b'\x05'
296940,b'\x02'
296977,b'\x06'
296978,b'\x08'
296979,b'\x06'
297114,b'\x03'
297363,b'\x02'
297617,b'\x05'
297833,b'\x03'
297844,b'\x04'
297870,b'\x02'
297871,b'\x03'
297935,b'\x04'
297937,b'\x03'
298036,b'\x03'
298037,b'\x04'
298364,b'\x05'
298434,b'\x03'
298782,b'\x04'
298794,b'\x02'
298852,b'\x03'
298952,b'\x04'
298953,b'\x06'
299003,b'\x03'
299212,b'\x03'
299322,b'\x04'
299393,b'\x03'
299451,b'\x03'
299508,b'\x02'
299552,b'\x03'
299765,b'\x03'
299791,b'\x02'
299924,b'\x03'
299926,b'\x03'
299928,b'\x02'
299929,b'\x04'
299937,b'\x04'
299939,b'\x03'
299944,b'\x04'
299945,b'\x05'
299946,b'\x04'
300073,b'\x04'
300102,b'\x05'
300115,b'\x02'
300441,b'\x03'
300457,b'\x04'
300459,b'\x04'
300464,b'\x04'
300466,b'\x04'
300467,b'\x04'
300480,b'\x04'
300482,b'\x05'
300580,b'\x04'
300732,b'\x02'
300733,b'\x04'
300757,b'\x03'
300828,b'\x03'
300944,b'\x05'
300986,b'\x03'
300994,b'\x04'
301009,b'\x04'
301010,b'\x04'
301105,b'\x02'
301227,b'\x02'
301285,b'\x03'
301422,b'\x04'
301488,b'\x04'
301567,b'\x04'
301569,b'\x03'
301741,b'\x03'
301767,b'\x04'
301827,b'\x05'
301994,b'\x03'
302019,b'\x01'
302083,b'\x03'
302099,b'\x05'
303253,b'\x03'
303335,b'\x05'
303336,b'\x07'
303338,b'\x06'
303441,b'\x03'
303672,b'\x03'
303839,b'\x03'
304262,b'\x04'
304339,b'\x03'
304550,b'\x03'
304551,b'\x02'
304600,b'\x03'
305194,b'\x03'
305240,b'\x02'
305455,b'\x03'
305647,b'\x02'
305751,b'\x02'
305867,b'\x03'
306046,b'\x03'
306047,b'\x04'
306048,b'\x04'
306180,b'\x03'
306381,b'\x04'
306462,b'\x02'
306464,b'\x02'
306489,b'\x05'
307249,b'\x04'
307256,b'\x02'
307436,b'\x04'
307691,b'\x03'
307872,b'\x04'
308043,b'\x03'
308074,b'\x05'
308464,b'\x02'
308514,b'\x05'
308552,b'\x04'
308596,b'\x05'
308967,b'\x03'
308981,b'\x03'
308982,b'\x04'
309166,b'\x03'
309228,b'\x04'
309229,b'\x04'
309354,b'\x02'
309382,b'\x05'
309425,b'\x02'
309736,b'\x03'
309832,b'\x02'
310130,b'\x02'
310145,b'\x05'
310840,b'\x04'
310980,b'\x03'
310981,b'\x04'
311095,b'\x04'
311098,b'\x05'
311253,b'\x03'
311254,b'\x01'
311302,b'\x04'
311303,b'\x04'
311363,b'\x03'
311386,b'\x04'
311387,b'\x06'
311388,b'\x08'
311389,b'\n'
311566,b'\x04'
311673,b'\x02'
311744,b'\x02'
311916,b'\x02'
311996,b'\x01'
311997,b'\x03'
312151,b'\x03'
312243,b'\x05'
312244,b'\x05'
312245,b'\x05'
312246,b'\x06'
312248,b'\x04'
312249,b'\x04'
312250,b'\x04'
312252,b'\x04'
312258,b'\x03'
313242,b'\x01'
313248,b'\x04'
313249,b'\x04'
313288,b'\x03'
313350,b'\x03'
313443,b'\x04'
313697,b'\x02'
313738,b'\x06'
313799,b'\x03'
313829,b'\x04'
313922,b'\x04'
313946,b'\x02'
314090,b'\x04'
314092,b'\x05'
314094,b'\x02'
314154,b'\x02'
314174,b'\x02'
314385,b'\x01'
314386,b'\x01'
314459,b'\x01'
314701,b'\x05'
314859,b'\x04'
314951,b'\x02'
314964,b'\x03'
315031,b'\x04'
315175,b'\x03'
315176,b'\x03'
315177,b'\x04'
315589,b'\x03'
315612,b'\x02'
315654,b'\x02'
315785,b'\x03'
315787,b'\x03'
315825,b'\x03'
315916,b'\x02'
315918,b'\x04'
316033,b'\x04'
316069,b'\x04'
316073,b'\x03'
316481,b'\x04'
316484,b'\x05'
316737,b'\x03'
316738,b'\x03'
317006,b'\x04'
317008,b'\x01'
317097,b'\x04'
317098,b'\x04'
317099,b'\x04'
317102,b'\x04'
317103,b'\x04'
317104,b'\x03'
317105,b'\x04'
317106,b'\x05'
317107,b'\x05'
317108,b'\x05'
317168,b'\x02'
317281,b'\x03'
317298,b'\x03'
317491,b'\x04'
317516,b'\x02'
317564,b'\x02'
317649,b'\x04'
317650,b'\x04'
317707,b'\x03'
317878,b'\x03'
317904,b'\x04'
318143,b'\x02'
318289,b'\x01'
318321,b'\x02'
318323,b'\x05'
318368,b'\x03'
318444,b'\x03'
318468,b'\x02'
318787,b'\x02'
318788,b'\x04'
318794,b'\x03'
318811,b'\x04'
318905,b'\x02'
319122,b'\x03'
319123,b'\x04'
319150,b'\x04'
319189,b'\x03'
319336,b'\x02'
319338,b'\x04'
319341,b'\x02'
319407,b'\x06'
319408,b'\x05'
319410,b'\x06'
319411,b'\x02'
319476,b'\x03'
319580,b'\x06'
319581,b'\x06'
319665,b'\x04'
319708,b'\x01'
319710,b'\x03'
319766,b'\x05'
319797,b'\x02'
319868,b'\x04'
319999,b'\x02'
320040,b'\x03'
320041,b'\x04'
320171,b'\x03'
320172,b'\x03'
320179,b'\x03'
320180,b'\x03'
320233,b'\x02'
320234,b'\x05'
320398,b'\x05'
320399,b'\x04'
320605,b'\x02'
320632,b'\x03'
320635,b'\x01'
320726,b'\x03'
320741,b'\x02'
320742,b'\x02'
320825,b'\x04'
320826,b'\x03'
320827,b'\x04'
320843,b'\x02'
320844,b'\x03'
320866,b'\x03'
320902,b'\x04'
320947,b'\x03'
321012,b'\x05'
321020,b'\x03'
321142,b'\x05'
321143,b'\x05'
321167,b'\x02'
321234,b'\x04'
321235,b'\x02'
321459,b'\x04'
321515,b'\x06'
321728,b'\x06'
321836,b'\x03'
321845,b'\x02'
322069,b'\x02'
322116,b'\x02'
322191,b'\x04'
322234,b'\x03'
322236,b'\x04'
322340,b'\x03'
322342,b'\x01'
322343,b'\x04'
322380,b'\x03'
322600,b'\x04'
322720,b'\x07'
322942,b'\x04'
323100,b'\x02'
323101,b'\x02'
323103,b'\x04'
323104,b'\x02'
323105,b'\x04'
323106,b'\x04'
323107,b'\x03'
323109,b'\x03'
323303,b'\x03'
323309,b'\x04'
323310,b'\x05'
323371,b'\x02'
323470,b'\x05'
323471,b'\x06'
323543,b'\x03'
